[
    {"code" : "0001", "name" : "广东省", "cities" : [
        {"code" : "00010001", "name" : "广州市"},
        {"code" : "00010002", "name" : "深圳市"},
        {"code" : "00010003", "name" : "东莞市"}
    ]},
    {"code" : "0002", "name" : "湖南省", "cities" : [
        {"code" : "00020001", "name" : "长沙市"},
        {"code" : "00020002", "name" : "衡阳市"},
        {"code" : "00020003", "name" : "郴州市"}
    ]},
    {"code" : "0003", "name" : "江西省", "cities" : [
        {"code" : "00030001", "name" : "南昌市"},
        {"code" : "00030002", "name" : "赣州市"},
        {"code" : "00030003", "name" : "吉安市"}]
    }
]